{
  "timestamp": "2026-07-21T23:49:51.812646+00:00",
  "commit": "a6bbe00105a129e99ff412706e824f4b7dd4bc83",
  "dataset": "beir/scifact/test@ir_datasets",
  "source_model": "sentence-transformers/all-MiniLM-L6-v2",
  "target_model": "BAAI/bge-large-en-v1.5",
  "adapter": "mlp",
  "calibration_mode": "in_domain",
  "protocol": "fixed_calibration_per_seed",
  "k_cal": 3840,
  "seed": 1,
  "n_docs": 5183,
  "n_queries": 300,
  "d_src": 384,
  "d_tgt": 1024,
  "timings_s": {
    "embed": 0.0,
    "fit": 2.591036833000544,
    "transform": 0.017330917005892843
  },
  "transform_vectors_per_s": 299060.9209101677,
  "validation": {
    "holdout_cosine_mean": 0.8550522763971805,
    "holdout_cosine_median": 0.8591712903207085,
    "holdout_cosine_p5": 0.8045856204977323,
    "top1_retention": 0.8671875,
    "top10_retention": 0.9921875,
    "n_train": 3456,
    "n_holdout": 384,
    "seed": 1,
    "alpha": null,
    "notes": []
  },
  "floor": {
    "nDCG@10": 0.0,
    "Recall@10": 0.0,
    "Recall@100": 0.0,
    "n_eval": 300,
    "note": "dims differ; floor set to 0 (cross-space raw retrieval impossible)"
  },
  "isotrieve": {
    "nDCG@10": 0.5135721302333723,
    "Recall@10": 0.7046111111111112,
    "Recall@100": 0.885,
    "n_eval": 300
  },
  "ceiling": {
    "nDCG@10": 0.7346323295663102,
    "Recall@10": 0.8592222222222222,
    "Recall@100": 0.9716666666666667,
    "n_eval": 300
  },
  "retention": {
    "nDCG@10": 0.6990872979093629,
    "Recall@10": 0.8200568990042675,
    "Recall@100": 0.9108061749571184
  },
  "calibration_calls": 7680,
  "reembed_calls": 5183,
  "query_legacy": {
    "nDCG@10": 0.5377480710549599,
    "Recall@10": 0.6965555555555556,
    "Recall@100": 0.9216666666666666,
    "n_eval": 300
  },
  "query_legacy_retention": {
    "nDCG@10": 0.7319961964816049,
    "Recall@10": 0.8106814948920212,
    "Recall@100": 0.9485420240137221
  },
  "config_hash": "94762f7613ab"
}