{
  "timestamp": "2026-07-19T22:10:50.652188+00:00",
  "commit": "d60526e3283e96c1a0ad169e0ceda6e701976297",
  "dataset": "beir/scifact/test@ir_datasets",
  "source_model": "sentence-transformers/all-MiniLM-L6-v2",
  "target_model": "BAAI/bge-large-en-v1.5",
  "adapter": "ridge",
  "calibration_mode": "in_domain",
  "k_cal": 500,
  "seed": 0,
  "n_docs": 5000,
  "n_queries": 300,
  "d_src": 384,
  "d_tgt": 1024,
  "timings_s": {
    "embed": 0.0,
    "fit": 0.08048812499328051,
    "transform": 0.01690750000125263
  },
  "transform_vectors_per_s": 295726.74846249085,
  "validation": {
    "holdout_cosine_mean": 0.8500221676605214,
    "holdout_cosine_median": 0.8574662978236709,
    "holdout_cosine_p5": 0.7894432989027648,
    "top1_retention": 0.92,
    "top10_retention": 0.98,
    "n_train": 450,
    "n_holdout": 50,
    "seed": 0,
    "alpha": 1.0,
    "notes": []
  },
  "floor": {
    "nDCG@10": 0.0,
    "Recall@10": 0.0,
    "Recall@100": 0.0,
    "n_eval": 300,
    "note": "dims differ; floor set to 0 (cross-space raw retrieval impossible)"
  },
  "aecp": {
    "nDCG@10": 0.5064068387110009,
    "Recall@10": 0.6873888888888889,
    "Recall@100": 0.9085000000000001,
    "n_eval": 300
  },
  "ceiling": {
    "nDCG@10": 0.7252650606597285,
    "Recall@10": 0.8450555555555556,
    "Recall@100": 0.9575,
    "n_eval": 300
  },
  "retention": {
    "nDCG@10": 0.6982369152739194,
    "Recall@10": 0.8134244954309382,
    "Recall@100": 0.9488250652741516
  },
  "calibration_calls": 1000,
  "reembed_calls": 5000,
  "config_hash": "b5dc837fc95d"
}