{
  "timestamp": "2026-07-19T22:11:03.357570+00:00",
  "commit": "d60526e3283e96c1a0ad169e0ceda6e701976297",
  "dataset": "beir/scifact/test@ir_datasets",
  "source_model": "sentence-transformers/all-MiniLM-L6-v2",
  "target_model": "BAAI/bge-large-en-v1.5",
  "adapter": "mlp",
  "calibration_mode": "in_domain",
  "k_cal": 500,
  "seed": 2,
  "n_docs": 5000,
  "n_queries": 300,
  "d_src": 384,
  "d_tgt": 1024,
  "timings_s": {
    "embed": 0.0,
    "fit": 1.0352826250018552,
    "transform": 0.01723716699052602
  },
  "transform_vectors_per_s": 290070.8685335662,
  "validation": {
    "holdout_cosine_mean": 0.8325091634340599,
    "holdout_cosine_median": 0.8339135846191806,
    "holdout_cosine_p5": 0.7684684221916375,
    "top1_retention": 0.98,
    "top10_retention": 1.0,
    "n_train": 450,
    "n_holdout": 50,
    "seed": 2,
    "alpha": null,
    "notes": []
  },
  "floor": {
    "nDCG@10": 0.0,
    "Recall@10": 0.0,
    "Recall@100": 0.0,
    "n_eval": 300,
    "note": "dims differ; floor set to 0 (cross-space raw retrieval impossible)"
  },
  "isotrieve": {
    "nDCG@10": 0.45574914977941194,
    "Recall@10": 0.6127222222222222,
    "Recall@100": 0.8504999999999999,
    "n_eval": 300
  },
  "ceiling": {
    "nDCG@10": 0.7252650606597285,
    "Recall@10": 0.8450555555555556,
    "Recall@100": 0.9575,
    "n_eval": 300
  },
  "retention": {
    "nDCG@10": 0.6283897770628097,
    "Recall@10": 0.7250673854447439,
    "Recall@100": 0.8882506527415143
  },
  "calibration_calls": 1000,
  "reembed_calls": 5000,
  "config_hash": "213c8fd375be"
}