{
  "timestamp": "2026-07-21T23:49:20.115653+00:00",
  "commit": "a6bbe00105a129e99ff412706e824f4b7dd4bc83",
  "dataset": "beir/scifact/test@ir_datasets",
  "source_model": "sentence-transformers/all-MiniLM-L6-v2",
  "target_model": "BAAI/bge-large-en-v1.5",
  "adapter": "ridge",
  "calibration_mode": "in_domain",
  "protocol": "fixed_calibration_per_seed",
  "k_cal": 500,
  "seed": 2,
  "n_docs": 5183,
  "n_queries": 300,
  "d_src": 384,
  "d_tgt": 1024,
  "timings_s": {
    "embed": 0.0,
    "fit": 0.1578224999975646,
    "transform": 0.02083479200518923
  },
  "transform_vectors_per_s": 248766.58229701038,
  "validation": {
    "holdout_cosine_mean": 0.855752898214032,
    "holdout_cosine_median": 0.8557353712153121,
    "holdout_cosine_p5": 0.8181773680446142,
    "top1_retention": 0.94,
    "top10_retention": 1.0,
    "n_train": 450,
    "n_holdout": 50,
    "seed": 2,
    "alpha": 1.0,
    "notes": []
  },
  "floor": {
    "nDCG@10": 0.0,
    "Recall@10": 0.0,
    "Recall@100": 0.0,
    "n_eval": 300,
    "note": "dims differ; floor set to 0 (cross-space raw retrieval impossible)"
  },
  "aecp": {
    "nDCG@10": 0.5169927361524,
    "Recall@10": 0.6980555555555557,
    "Recall@100": 0.902,
    "n_eval": 300
  },
  "ceiling": {
    "nDCG@10": 0.7346323295663102,
    "Recall@10": 0.8592222222222222,
    "Recall@100": 0.9716666666666667,
    "n_eval": 300
  },
  "retention": {
    "nDCG@10": 0.7037435127005729,
    "Recall@10": 0.812427259795681,
    "Recall@100": 0.9283018867924528
  },
  "calibration_calls": 1000,
  "reembed_calls": 5183,
  "query_legacy": {
    "nDCG@10": 0.45537584284054283,
    "Recall@10": 0.6333888888888889,
    "Recall@100": 0.8779999999999999,
    "n_eval": 300
  },
  "query_legacy_retention": {
    "nDCG@10": 0.6198690481119633,
    "Recall@10": 0.7371653950601319,
    "Recall@100": 0.9036020583190393
  },
  "config_hash": "7256e5fbd2fd"
}