{
  "timestamp": "2026-07-21T23:49:23.389803+00:00",
  "commit": "a6bbe00105a129e99ff412706e824f4b7dd4bc83",
  "dataset": "beir/scifact/test@ir_datasets",
  "source_model": "sentence-transformers/all-MiniLM-L6-v2",
  "target_model": "BAAI/bge-large-en-v1.5",
  "adapter": "ridge",
  "calibration_mode": "in_domain",
  "protocol": "fixed_calibration_per_seed",
  "k_cal": 2000,
  "seed": 1,
  "n_docs": 5183,
  "n_queries": 300,
  "d_src": 384,
  "d_tgt": 1024,
  "timings_s": {
    "embed": 0.0,
    "fit": 0.8541746249975404,
    "transform": 0.01792050000221934
  },
  "transform_vectors_per_s": 289221.8408726385,
  "validation": {
    "holdout_cosine_mean": 0.8741286032780902,
    "holdout_cosine_median": 0.8768808358168687,
    "holdout_cosine_p5": 0.8285042340326484,
    "top1_retention": 0.98,
    "top10_retention": 1.0,
    "n_train": 1800,
    "n_holdout": 200,
    "seed": 1,
    "alpha": 1.0,
    "notes": []
  },
  "floor": {
    "nDCG@10": 0.0,
    "Recall@10": 0.0,
    "Recall@100": 0.0,
    "n_eval": 300,
    "note": "dims differ; floor set to 0 (cross-space raw retrieval impossible)"
  },
  "aecp": {
    "nDCG@10": 0.5958162089548102,
    "Recall@10": 0.7502222222222222,
    "Recall@100": 0.9366666666666666,
    "n_eval": 300
  },
  "ceiling": {
    "nDCG@10": 0.7346323295663102,
    "Recall@10": 0.8592222222222222,
    "Recall@100": 0.9716666666666667,
    "n_eval": 300
  },
  "retention": {
    "nDCG@10": 0.8110400059667263,
    "Recall@10": 0.8731410836673995,
    "Recall@100": 0.9639794168096054
  },
  "calibration_calls": 4000,
  "reembed_calls": 5183,
  "query_legacy": {
    "nDCG@10": 0.5703043365570691,
    "Recall@10": 0.7422222222222223,
    "Recall@100": 0.9516666666666667,
    "n_eval": 300
  },
  "query_legacy_retention": {
    "nDCG@10": 0.7763126037398164,
    "Recall@10": 0.8638303375145482,
    "Recall@100": 0.9794168096054888
  },
  "config_hash": "491095c37393"
}