{
  "timestamp": "2026-07-19T22:08:10.621034+00:00",
  "commit": "d60526e3283e96c1a0ad169e0ceda6e701976297",
  "dataset": "beir/scifact/test@ir_datasets",
  "source_model": "sentence-transformers/all-MiniLM-L6-v2",
  "target_model": "BAAI/bge-large-en-v1.5",
  "adapter": "ridge",
  "calibration_mode": "in_domain",
  "k_cal": 3840,
  "seed": 1,
  "n_docs": 5000,
  "n_queries": 300,
  "d_src": 384,
  "d_tgt": 1024,
  "timings_s": {
    "embed": 0.0,
    "fit": 0.49550629199075047,
    "transform": 0.01728633300808724
  },
  "transform_vectors_per_s": 289245.8451228956,
  "validation": {
    "holdout_cosine_mean": 0.8802233423692342,
    "holdout_cosine_median": 0.8829477389358089,
    "holdout_cosine_p5": 0.8336915488412303,
    "top1_retention": 0.9973958333333334,
    "top10_retention": 1.0,
    "n_train": 3456,
    "n_holdout": 384,
    "seed": 1,
    "alpha": 0.5623413251903491,
    "notes": []
  },
  "floor": {
    "nDCG@10": 0.0,
    "Recall@10": 0.0,
    "Recall@100": 0.0,
    "n_eval": 300,
    "note": "dims differ; floor set to 0 (cross-space raw retrieval impossible)"
  },
  "aecp": {
    "nDCG@10": 0.6341751619211844,
    "Recall@10": 0.7771666666666666,
    "Recall@100": 0.9358333333333333,
    "n_eval": 300
  },
  "ceiling": {
    "nDCG@10": 0.7252650606597285,
    "Recall@10": 0.8450555555555556,
    "Recall@100": 0.9575,
    "n_eval": 300
  },
  "retention": {
    "nDCG@10": 0.8744046781245944,
    "Recall@10": 0.9196634014857668,
    "Recall@100": 0.9773716275021758
  },
  "calibration_calls": 7680,
  "reembed_calls": 5000,
  "config_hash": "41a71a371a06"
}