{
  "timestamp": "2026-07-19T22:10:52.432141+00:00",
  "commit": "d60526e3283e96c1a0ad169e0ceda6e701976297",
  "dataset": "beir/scifact/test@ir_datasets",
  "source_model": "sentence-transformers/all-MiniLM-L6-v2",
  "target_model": "BAAI/bge-large-en-v1.5",
  "adapter": "ridge",
  "calibration_mode": "in_domain",
  "k_cal": 2000,
  "seed": 1,
  "n_docs": 5000,
  "n_queries": 300,
  "d_src": 384,
  "d_tgt": 1024,
  "timings_s": {
    "embed": 0.0,
    "fit": 0.2902928749972489,
    "transform": 0.016811666006105952
  },
  "transform_vectors_per_s": 297412.52283884375,
  "validation": {
    "holdout_cosine_mean": 0.8738261747052496,
    "holdout_cosine_median": 0.8770154477451666,
    "holdout_cosine_p5": 0.8202387284836156,
    "top1_retention": 0.98,
    "top10_retention": 1.0,
    "n_train": 1800,
    "n_holdout": 200,
    "seed": 1,
    "alpha": 1.0,
    "notes": []
  },
  "floor": {
    "nDCG@10": 0.0,
    "Recall@10": 0.0,
    "Recall@100": 0.0,
    "n_eval": 300,
    "note": "dims differ; floor set to 0 (cross-space raw retrieval impossible)"
  },
  "aecp": {
    "nDCG@10": 0.6061568660992162,
    "Recall@10": 0.7631666666666667,
    "Recall@100": 0.9285,
    "n_eval": 300
  },
  "ceiling": {
    "nDCG@10": 0.7252650606597285,
    "Recall@10": 0.8450555555555556,
    "Recall@100": 0.9575,
    "n_eval": 300
  },
  "retention": {
    "nDCG@10": 0.835772876674678,
    "Recall@10": 0.9030964433633555,
    "Recall@100": 0.9697127937336815
  },
  "calibration_calls": 4000,
  "reembed_calls": 5000,
  "config_hash": "491095c37393"
}