{
  "timestamp": "2026-07-21T23:49:21.459290+00:00",
  "commit": "a6bbe00105a129e99ff412706e824f4b7dd4bc83",
  "dataset": "beir/scifact/test@ir_datasets",
  "source_model": "sentence-transformers/all-MiniLM-L6-v2",
  "target_model": "BAAI/bge-large-en-v1.5",
  "adapter": "ridge",
  "calibration_mode": "in_domain",
  "protocol": "fixed_calibration_per_seed",
  "k_cal": 1000,
  "seed": 2,
  "n_docs": 5183,
  "n_queries": 300,
  "d_src": 384,
  "d_tgt": 1024,
  "timings_s": {
    "embed": 0.0,
    "fit": 0.3187607919971924,
    "transform": 0.019596457997977268
  },
  "transform_vectors_per_s": 264486.5720394464,
  "validation": {
    "holdout_cosine_mean": 0.8631920051748905,
    "holdout_cosine_median": 0.8651985267602328,
    "holdout_cosine_p5": 0.8194226539553721,
    "top1_retention": 1.0,
    "top10_retention": 1.0,
    "n_train": 900,
    "n_holdout": 100,
    "seed": 2,
    "alpha": 1.0,
    "notes": []
  },
  "floor": {
    "nDCG@10": 0.0,
    "Recall@10": 0.0,
    "Recall@100": 0.0,
    "n_eval": 300,
    "note": "dims differ; floor set to 0 (cross-space raw retrieval impossible)"
  },
  "isotrieve": {
    "nDCG@10": 0.5669650907556101,
    "Recall@10": 0.7415555555555555,
    "Recall@100": 0.9176666666666667,
    "n_eval": 300
  },
  "ceiling": {
    "nDCG@10": 0.7346323295663102,
    "Recall@10": 0.8592222222222222,
    "Recall@100": 0.9716666666666667,
    "n_eval": 300
  },
  "retention": {
    "nDCG@10": 0.7717671383865146,
    "Recall@10": 0.8630544420018104,
    "Recall@100": 0.94442538593482
  },
  "calibration_calls": 2000,
  "reembed_calls": 5183,
  "query_legacy": {
    "nDCG@10": 0.5194057798560874,
    "Recall@10": 0.6992222222222222,
    "Recall@100": 0.9153333333333334,
    "n_eval": 300
  },
  "query_legacy_retention": {
    "nDCG@10": 0.7070282084681984,
    "Recall@10": 0.8137850769429716,
    "Recall@100": 0.9420240137221271
  },
  "config_hash": "613b61ef8982"
}