{
  "timestamp": "2026-07-19T22:08:18.505893+00:00",
  "commit": "d60526e3283e96c1a0ad169e0ceda6e701976297",
  "dataset": "beir/scifact/test@ir_datasets",
  "source_model": "sentence-transformers/all-MiniLM-L6-v2",
  "target_model": "BAAI/bge-large-en-v1.5",
  "adapter": "lowrank",
  "calibration_mode": "in_domain",
  "k_cal": 3840,
  "seed": 2,
  "n_docs": 5000,
  "n_queries": 300,
  "d_src": 384,
  "d_tgt": 1024,
  "timings_s": {
    "embed": 0.0,
    "fit": 0.5231597500096541,
    "transform": 0.01674333299160935
  },
  "transform_vectors_per_s": 298626.32502773905,
  "validation": {
    "holdout_cosine_mean": 0.8778581992268192,
    "holdout_cosine_median": 0.8826577003994309,
    "holdout_cosine_p5": 0.8280777039639745,
    "top1_retention": 0.9817708333333334,
    "top10_retention": 1.0,
    "n_train": 3456,
    "n_holdout": 384,
    "seed": 2,
    "alpha": 0.5623413251903491,
    "notes": []
  },
  "floor": {
    "nDCG@10": 0.0,
    "Recall@10": 0.0,
    "Recall@100": 0.0,
    "n_eval": 300,
    "note": "dims differ; floor set to 0 (cross-space raw retrieval impossible)"
  },
  "aecp": {
    "nDCG@10": 0.622473833724526,
    "Recall@10": 0.7737222222222222,
    "Recall@100": 0.9291666666666667,
    "n_eval": 300
  },
  "ceiling": {
    "nDCG@10": 0.7252650606597285,
    "Recall@10": 0.8450555555555556,
    "Recall@100": 0.9575,
    "n_eval": 300
  },
  "retention": {
    "nDCG@10": 0.858270813650254,
    "Recall@10": 0.9155874038524752,
    "Recall@100": 0.9704090513489991
  },
  "calibration_calls": 7680,
  "reembed_calls": 5000,
  "config_hash": "1a806eb5924d"
}