{
  "timestamp": "2026-07-21T23:49:42.507281+00:00",
  "commit": "a6bbe00105a129e99ff412706e824f4b7dd4bc83",
  "dataset": "beir/scifact/test@ir_datasets",
  "source_model": "sentence-transformers/all-MiniLM-L6-v2",
  "target_model": "BAAI/bge-large-en-v1.5",
  "adapter": "lowrank",
  "calibration_mode": "in_domain",
  "protocol": "fixed_calibration_per_seed",
  "k_cal": 3840,
  "seed": 0,
  "n_docs": 5183,
  "n_queries": 300,
  "d_src": 384,
  "d_tgt": 1024,
  "timings_s": {
    "embed": 0.0,
    "fit": 1.362475458998233,
    "transform": 0.01853958299761871
  },
  "transform_vectors_per_s": 279564.0010169443,
  "validation": {
    "holdout_cosine_mean": 0.8761269169138147,
    "holdout_cosine_median": 0.8799865295415872,
    "holdout_cosine_p5": 0.8300392342646747,
    "top1_retention": 0.9791666666666666,
    "top10_retention": 1.0,
    "n_train": 3456,
    "n_holdout": 384,
    "seed": 0,
    "alpha": 0.5623413251903491,
    "notes": []
  },
  "floor": {
    "nDCG@10": 0.0,
    "Recall@10": 0.0,
    "Recall@100": 0.0,
    "n_eval": 300,
    "note": "dims differ; floor set to 0 (cross-space raw retrieval impossible)"
  },
  "aecp": {
    "nDCG@10": 0.6411791459004839,
    "Recall@10": 0.7863333333333332,
    "Recall@100": 0.9466666666666667,
    "n_eval": 300
  },
  "ceiling": {
    "nDCG@10": 0.7346323295663102,
    "Recall@10": 0.8592222222222222,
    "Recall@100": 0.9716666666666667,
    "n_eval": 300
  },
  "retention": {
    "nDCG@10": 0.8727891764292536,
    "Recall@10": 0.9151687572740203,
    "Recall@100": 0.9742710120068611
  },
  "calibration_calls": 7680,
  "reembed_calls": 5183,
  "query_legacy": {
    "nDCG@10": 0.6111374386466977,
    "Recall@10": 0.7572222222222222,
    "Recall@100": 0.9410000000000001,
    "n_eval": 300
  },
  "query_legacy_retention": {
    "nDCG@10": 0.8318956490895008,
    "Recall@10": 0.8812879865511445,
    "Recall@100": 0.9684391080617496
  },
  "config_hash": "afa8147689c6"
}