{
  "timestamp": "2026-07-21T23:50:03.879445+00:00",
  "commit": "a6bbe00105a129e99ff412706e824f4b7dd4bc83",
  "dataset": "beir/scifact/test@ir_datasets",
  "source_model": "BAAI/bge-large-en-v1.5",
  "target_model": "intfloat/e5-large-v2",
  "adapter": "ridge",
  "calibration_mode": "in_domain",
  "protocol": "fixed_calibration_per_seed",
  "k_cal": 2000,
  "seed": 0,
  "n_docs": 5183,
  "n_queries": 300,
  "d_src": 1024,
  "d_tgt": 1024,
  "timings_s": {
    "embed": 0.0,
    "fit": 1.6998370840010466,
    "transform": 0.027734833005524706
  },
  "transform_vectors_per_s": 186876.9139142666,
  "validation": {
    "holdout_cosine_mean": 0.9358260313404938,
    "holdout_cosine_median": 0.9370097359319283,
    "holdout_cosine_p5": 0.9111603449730907,
    "top1_retention": 1.0,
    "top10_retention": 1.0,
    "n_train": 1800,
    "n_holdout": 200,
    "seed": 0,
    "alpha": 0.31622776601683794,
    "notes": []
  },
  "floor": {
    "nDCG@10": 0.0,
    "Recall@10": 0.0,
    "Recall@100": 0.0,
    "n_eval": 300
  },
  "aecp": {
    "nDCG@10": 0.655998112065694,
    "Recall@10": 0.8131666666666666,
    "Recall@100": 0.925,
    "n_eval": 300
  },
  "ceiling": {
    "nDCG@10": 0.7221519907613544,
    "Recall@10": 0.8438333333333332,
    "Recall@100": 0.9626666666666667,
    "n_eval": 300
  },
  "retention": {
    "nDCG@10": 0.908393413655323,
    "Recall@10": 0.963657910329844,
    "Recall@100": 0.9608725761772854
  },
  "calibration_calls": 4000,
  "reembed_calls": 5183,
  "query_legacy": {
    "nDCG@10": 0.6313350106240866,
    "Recall@10": 0.7563888888888889,
    "Recall@100": 0.93,
    "n_eval": 300
  },
  "query_legacy_retention": {
    "nDCG@10": 0.8742411828824002,
    "Recall@10": 0.8963723747448813,
    "Recall@100": 0.9660664819944599
  },
  "config_hash": "656fc186cc16"
}