{
  "timestamp": "2026-07-19T22:10:52.054540+00:00",
  "commit": "d60526e3283e96c1a0ad169e0ceda6e701976297",
  "dataset": "beir/scifact/test@ir_datasets",
  "source_model": "sentence-transformers/all-MiniLM-L6-v2",
  "target_model": "BAAI/bge-large-en-v1.5",
  "adapter": "ridge",
  "calibration_mode": "in_domain",
  "k_cal": 2000,
  "seed": 0,
  "n_docs": 5000,
  "n_queries": 300,
  "d_src": 384,
  "d_tgt": 1024,
  "timings_s": {
    "embed": 0.0,
    "fit": 0.28555716598930303,
    "transform": 0.01689004199579358
  },
  "transform_vectors_per_s": 296032.41964971053,
  "validation": {
    "holdout_cosine_mean": 0.8718412279088719,
    "holdout_cosine_median": 0.8750368620852528,
    "holdout_cosine_p5": 0.8274152994388085,
    "top1_retention": 0.985,
    "top10_retention": 0.995,
    "n_train": 1800,
    "n_holdout": 200,
    "seed": 0,
    "alpha": 1.0,
    "notes": []
  },
  "floor": {
    "nDCG@10": 0.0,
    "Recall@10": 0.0,
    "Recall@100": 0.0,
    "n_eval": 300,
    "note": "dims differ; floor set to 0 (cross-space raw retrieval impossible)"
  },
  "aecp": {
    "nDCG@10": 0.6061102640598129,
    "Recall@10": 0.7609444444444445,
    "Recall@100": 0.9268333333333334,
    "n_eval": 300
  },
  "ceiling": {
    "nDCG@10": 0.7252650606597285,
    "Recall@10": 0.8450555555555556,
    "Recall@100": 0.9575,
    "n_eval": 300
  },
  "retention": {
    "nDCG@10": 0.8357086214913926,
    "Recall@10": 0.9004667674709093,
    "Recall@100": 0.9679721496953874
  },
  "calibration_calls": 4000,
  "reembed_calls": 5000,
  "config_hash": "40d31d783c9e"
}