{
  "timestamp": "2026-07-21T23:49:24.358252+00:00",
  "commit": "a6bbe00105a129e99ff412706e824f4b7dd4bc83",
  "dataset": "beir/scifact/test@ir_datasets",
  "source_model": "sentence-transformers/all-MiniLM-L6-v2",
  "target_model": "BAAI/bge-large-en-v1.5",
  "adapter": "ridge",
  "calibration_mode": "in_domain",
  "protocol": "fixed_calibration_per_seed",
  "k_cal": 2000,
  "seed": 2,
  "n_docs": 5183,
  "n_queries": 300,
  "d_src": 384,
  "d_tgt": 1024,
  "timings_s": {
    "embed": 0.0,
    "fit": 0.8534735409994028,
    "transform": 0.018443791996105574
  },
  "transform_vectors_per_s": 281015.9646722537,
  "validation": {
    "holdout_cosine_mean": 0.8740470667541156,
    "holdout_cosine_median": 0.8793330151353973,
    "holdout_cosine_p5": 0.8242076805845052,
    "top1_retention": 0.98,
    "top10_retention": 1.0,
    "n_train": 1800,
    "n_holdout": 200,
    "seed": 2,
    "alpha": 1.0,
    "notes": []
  },
  "floor": {
    "nDCG@10": 0.0,
    "Recall@10": 0.0,
    "Recall@100": 0.0,
    "n_eval": 300,
    "note": "dims differ; floor set to 0 (cross-space raw retrieval impossible)"
  },
  "isotrieve": {
    "nDCG@10": 0.6080992156069751,
    "Recall@10": 0.7955555555555556,
    "Recall@100": 0.9266666666666666,
    "n_eval": 300
  },
  "ceiling": {
    "nDCG@10": 0.7346323295663102,
    "Recall@10": 0.8592222222222222,
    "Recall@100": 0.9716666666666667,
    "n_eval": 300
  },
  "retention": {
    "nDCG@10": 0.8277599434889643,
    "Recall@10": 0.9259019785335575,
    "Recall@100": 0.9536878216123499
  },
  "calibration_calls": 4000,
  "reembed_calls": 5183,
  "query_legacy": {
    "nDCG@10": 0.5667977157052265,
    "Recall@10": 0.7305555555555556,
    "Recall@100": 0.93,
    "n_eval": 300
  },
  "query_legacy_retention": {
    "nDCG@10": 0.7715393032591354,
    "Recall@10": 0.8502521660416398,
    "Recall@100": 0.9571183533447685
  },
  "config_hash": "751b21bec00f"
}