{
  "timestamp": "2026-07-21T23:49:38.196225+00:00",
  "commit": "a6bbe00105a129e99ff412706e824f4b7dd4bc83",
  "dataset": "beir/scifact/test@ir_datasets",
  "source_model": "sentence-transformers/all-MiniLM-L6-v2",
  "target_model": "BAAI/bge-large-en-v1.5",
  "adapter": "ridge",
  "calibration_mode": "in_domain",
  "protocol": "fixed_calibration_per_seed",
  "k_cal": 3840,
  "seed": 0,
  "n_docs": 5183,
  "n_queries": 300,
  "d_src": 384,
  "d_tgt": 1024,
  "timings_s": {
    "embed": 0.0,
    "fit": 1.3048507919957046,
    "transform": 0.01991354200436035
  },
  "transform_vectors_per_s": 260275.1433604885,
  "validation": {
    "holdout_cosine_mean": 0.8785358750350801,
    "holdout_cosine_median": 0.8825065096279925,
    "holdout_cosine_p5": 0.8329831526760846,
    "top1_retention": 0.9869791666666666,
    "top10_retention": 1.0,
    "n_train": 3456,
    "n_holdout": 384,
    "seed": 0,
    "alpha": 0.5623413251903491,
    "notes": []
  },
  "floor": {
    "nDCG@10": 0.0,
    "Recall@10": 0.0,
    "Recall@100": 0.0,
    "n_eval": 300,
    "note": "dims differ; floor set to 0 (cross-space raw retrieval impossible)"
  },
  "isotrieve": {
    "nDCG@10": 0.6444879922184866,
    "Recall@10": 0.7829999999999999,
    "Recall@100": 0.9466666666666667,
    "n_eval": 300
  },
  "ceiling": {
    "nDCG@10": 0.7346323295663102,
    "Recall@10": 0.8592222222222222,
    "Recall@100": 0.9716666666666667,
    "n_eval": 300
  },
  "retention": {
    "nDCG@10": 0.8772932612412522,
    "Recall@10": 0.9112892797103322,
    "Recall@100": 0.9742710120068611
  },
  "calibration_calls": 7680,
  "reembed_calls": 5183,
  "query_legacy": {
    "nDCG@10": 0.6138379811822642,
    "Recall@10": 0.7605555555555557,
    "Recall@100": 0.9443333333333334,
    "n_eval": 300
  },
  "query_legacy_retention": {
    "nDCG@10": 0.8355716954964983,
    "Recall@10": 0.8851674641148326,
    "Recall@100": 0.9718696397941681
  },
  "config_hash": "a7a047fd50df"
}