{
  "timestamp": "2026-07-19T22:10:56.882755+00:00",
  "commit": "d60526e3283e96c1a0ad169e0ceda6e701976297",
  "dataset": "beir/scifact/test@ir_datasets",
  "source_model": "sentence-transformers/all-MiniLM-L6-v2",
  "target_model": "BAAI/bge-large-en-v1.5",
  "adapter": "lowrank",
  "calibration_mode": "in_domain",
  "k_cal": 2000,
  "seed": 1,
  "n_docs": 5000,
  "n_queries": 300,
  "d_src": 384,
  "d_tgt": 1024,
  "timings_s": {
    "embed": 0.0,
    "fit": 0.32806520799931604,
    "transform": 0.018972625010064803
  },
  "transform_vectors_per_s": 263537.5967926181,
  "validation": {
    "holdout_cosine_mean": 0.8730313341176995,
    "holdout_cosine_median": 0.8756458585900595,
    "holdout_cosine_p5": 0.8200963567369716,
    "top1_retention": 0.975,
    "top10_retention": 1.0,
    "n_train": 1800,
    "n_holdout": 200,
    "seed": 1,
    "alpha": 1.0,
    "notes": []
  },
  "floor": {
    "nDCG@10": 0.0,
    "Recall@10": 0.0,
    "Recall@100": 0.0,
    "n_eval": 300,
    "note": "dims differ; floor set to 0 (cross-space raw retrieval impossible)"
  },
  "aecp": {
    "nDCG@10": 0.6036567236688134,
    "Recall@10": 0.7631666666666667,
    "Recall@100": 0.9285,
    "n_eval": 300
  },
  "ceiling": {
    "nDCG@10": 0.7252650606597285,
    "Recall@10": 0.8450555555555556,
    "Recall@100": 0.9575,
    "n_eval": 300
  },
  "retention": {
    "nDCG@10": 0.8323256646607303,
    "Recall@10": 0.9030964433633555,
    "Recall@100": 0.9697127937336815
  },
  "calibration_calls": 4000,
  "reembed_calls": 5000,
  "config_hash": "aa33a89e725b"
}