{
  "timestamp": "2026-07-19T22:11:13.508039+00:00",
  "commit": "d60526e3283e96c1a0ad169e0ceda6e701976297",
  "dataset": "beir/scifact/test@ir_datasets",
  "source_model": "sentence-transformers/all-MiniLM-L6-v2",
  "target_model": "BAAI/bge-large-en-v1.5",
  "adapter": "mlp",
  "calibration_mode": "in_domain",
  "k_cal": 2000,
  "seed": 2,
  "n_docs": 5000,
  "n_queries": 300,
  "d_src": 384,
  "d_tgt": 1024,
  "timings_s": {
    "embed": 0.0,
    "fit": 1.8596960829891032,
    "transform": 0.0168011670029955
  },
  "transform_vectors_per_s": 297598.37510742823,
  "validation": {
    "holdout_cosine_mean": 0.853822839220108,
    "holdout_cosine_median": 0.8564195204918357,
    "holdout_cosine_p5": 0.8039194339521742,
    "top1_retention": 0.915,
    "top10_retention": 0.995,
    "n_train": 1800,
    "n_holdout": 200,
    "seed": 2,
    "alpha": null,
    "notes": []
  },
  "floor": {
    "nDCG@10": 0.0,
    "Recall@10": 0.0,
    "Recall@100": 0.0,
    "n_eval": 300,
    "note": "dims differ; floor set to 0 (cross-space raw retrieval impossible)"
  },
  "aecp": {
    "nDCG@10": 0.504648816814205,
    "Recall@10": 0.6656111111111112,
    "Recall@100": 0.8751666666666668,
    "n_eval": 300
  },
  "ceiling": {
    "nDCG@10": 0.7252650606597285,
    "Recall@10": 0.8450555555555556,
    "Recall@100": 0.9575,
    "n_eval": 300
  },
  "retention": {
    "nDCG@10": 0.6958129436914517,
    "Recall@10": 0.7876536716849649,
    "Recall@100": 0.9140121845082682
  },
  "calibration_calls": 4000,
  "reembed_calls": 5000,
  "config_hash": "8152b7ceb459"
}