{
  "timestamp": "2026-07-21T23:49:54.559001+00:00",
  "commit": "a6bbe00105a129e99ff412706e824f4b7dd4bc83",
  "dataset": "beir/scifact/test@ir_datasets",
  "source_model": "sentence-transformers/all-MiniLM-L6-v2",
  "target_model": "BAAI/bge-large-en-v1.5",
  "adapter": "mlp",
  "calibration_mode": "in_domain",
  "protocol": "fixed_calibration_per_seed",
  "k_cal": 3840,
  "seed": 2,
  "n_docs": 5183,
  "n_queries": 300,
  "d_src": 384,
  "d_tgt": 1024,
  "timings_s": {
    "embed": 0.0,
    "fit": 2.6248818340027356,
    "transform": 0.01765341599821113
  },
  "transform_vectors_per_s": 293597.56777527975,
  "validation": {
    "holdout_cosine_mean": 0.8542573381517166,
    "holdout_cosine_median": 0.8578202629164047,
    "holdout_cosine_p5": 0.7966356973173349,
    "top1_retention": 0.8932291666666666,
    "top10_retention": 0.9817708333333334,
    "n_train": 3456,
    "n_holdout": 384,
    "seed": 2,
    "alpha": null,
    "notes": []
  },
  "floor": {
    "nDCG@10": 0.0,
    "Recall@10": 0.0,
    "Recall@100": 0.0,
    "n_eval": 300,
    "note": "dims differ; floor set to 0 (cross-space raw retrieval impossible)"
  },
  "isotrieve": {
    "nDCG@10": 0.540163136362933,
    "Recall@10": 0.6994444444444444,
    "Recall@100": 0.895,
    "n_eval": 300
  },
  "ceiling": {
    "nDCG@10": 0.7346323295663102,
    "Recall@10": 0.8592222222222222,
    "Recall@100": 0.9716666666666667,
    "n_eval": 300
  },
  "retention": {
    "nDCG@10": 0.7352836441078192,
    "Recall@10": 0.8140437087805509,
    "Recall@100": 0.9210977701543739
  },
  "calibration_calls": 7680,
  "reembed_calls": 5183,
  "query_legacy": {
    "nDCG@10": 0.5209691567789408,
    "Recall@10": 0.693888888888889,
    "Recall@100": 0.91,
    "n_eval": 300
  },
  "query_legacy_retention": {
    "nDCG@10": 0.7091563164481132,
    "Recall@10": 0.8075779128410708,
    "Recall@100": 0.9365351629502573
  },
  "config_hash": "85324840d55a"
}