{
  "timestamp": "2026-07-19T22:21:27.743869+00:00",
  "commit": "d60526e3283e96c1a0ad169e0ceda6e701976297",
  "dataset": "beir/scifact/test@ir_datasets",
  "source_model": "sentence-transformers/all-MiniLM-L6-v2",
  "target_model": "BAAI/bge-large-en-v1.5",
  "adapter": "mlp",
  "calibration_mode": "in_domain",
  "protocol": "fixed_calibration_per_seed",
  "k_cal": 4000,
  "seed": 2,
  "n_docs": 5000,
  "n_queries": 300,
  "d_src": 384,
  "d_tgt": 1024,
  "timings_s": {
    "embed": 0.0,
    "fit": 2.6713702919951174,
    "transform": 0.015490917008719407
  },
  "transform_vectors_per_s": 322769.7880755309,
  "validation": {
    "holdout_cosine_mean": 0.8566607852456564,
    "holdout_cosine_median": 0.8596540631425831,
    "holdout_cosine_p5": 0.8068760275659551,
    "top1_retention": 0.9175,
    "top10_retention": 0.9925,
    "n_train": 3600,
    "n_holdout": 400,
    "seed": 2,
    "alpha": null,
    "notes": []
  },
  "floor": {
    "nDCG@10": 0.0,
    "Recall@10": 0.0,
    "Recall@100": 0.0,
    "n_eval": 300,
    "note": "dims differ; floor set to 0 (cross-space raw retrieval impossible)"
  },
  "aecp": {
    "nDCG@10": 0.5227377466321389,
    "Recall@10": 0.6852777777777778,
    "Recall@100": 0.8861666666666668,
    "n_eval": 300
  },
  "ceiling": {
    "nDCG@10": 0.7252650606597285,
    "Recall@10": 0.8450555555555556,
    "Recall@100": 0.9575,
    "n_eval": 300
  },
  "retention": {
    "nDCG@10": 0.7207540732165381,
    "Recall@10": 0.8109263033331142,
    "Recall@100": 0.9255004351610097
  },
  "calibration_calls": 8000,
  "reembed_calls": 5000,
  "config_hash": "ba29b62ae544"
}