{
  "timestamp": "2026-07-19T22:10:51.682129+00:00",
  "commit": "d60526e3283e96c1a0ad169e0ceda6e701976297",
  "dataset": "beir/scifact/test@ir_datasets",
  "source_model": "sentence-transformers/all-MiniLM-L6-v2",
  "target_model": "BAAI/bge-large-en-v1.5",
  "adapter": "ridge",
  "calibration_mode": "in_domain",
  "k_cal": 1000,
  "seed": 2,
  "n_docs": 5000,
  "n_queries": 300,
  "d_src": 384,
  "d_tgt": 1024,
  "timings_s": {
    "embed": 0.0,
    "fit": 0.12348466699768323,
    "transform": 0.017347333996440284
  },
  "transform_vectors_per_s": 288228.7273091077,
  "validation": {
    "holdout_cosine_mean": 0.8658629202996546,
    "holdout_cosine_median": 0.8674143111559509,
    "holdout_cosine_p5": 0.8206000750910866,
    "top1_retention": 0.98,
    "top10_retention": 1.0,
    "n_train": 900,
    "n_holdout": 100,
    "seed": 2,
    "alpha": 1.0,
    "notes": []
  },
  "floor": {
    "nDCG@10": 0.0,
    "Recall@10": 0.0,
    "Recall@100": 0.0,
    "n_eval": 300,
    "note": "dims differ; floor set to 0 (cross-space raw retrieval impossible)"
  },
  "aecp": {
    "nDCG@10": 0.5558423706891436,
    "Recall@10": 0.7240555555555556,
    "Recall@100": 0.9158333333333334,
    "n_eval": 300
  },
  "ceiling": {
    "nDCG@10": 0.7252650606597285,
    "Recall@10": 0.8450555555555556,
    "Recall@100": 0.9575,
    "n_eval": 300
  },
  "retention": {
    "nDCG@10": 0.7663989358366834,
    "Recall@10": 0.8568141476563014,
    "Recall@100": 0.9564838990426459
  },
  "calibration_calls": 2000,
  "reembed_calls": 5000,
  "config_hash": "613b61ef8982"
}