{
  "timestamp": "2026-07-21T23:49:49.100699+00:00",
  "commit": "a6bbe00105a129e99ff412706e824f4b7dd4bc83",
  "dataset": "beir/scifact/test@ir_datasets",
  "source_model": "sentence-transformers/all-MiniLM-L6-v2",
  "target_model": "BAAI/bge-large-en-v1.5",
  "adapter": "mlp",
  "calibration_mode": "in_domain",
  "protocol": "fixed_calibration_per_seed",
  "k_cal": 3840,
  "seed": 0,
  "n_docs": 5183,
  "n_queries": 300,
  "d_src": 384,
  "d_tgt": 1024,
  "timings_s": {
    "embed": 0.0,
    "fit": 3.575791791001393,
    "transform": 0.017090916000597645
  },
  "transform_vectors_per_s": 303260.5156925912,
  "validation": {
    "holdout_cosine_mean": 0.8532067571888257,
    "holdout_cosine_median": 0.8572854858460504,
    "holdout_cosine_p5": 0.7998290527028656,
    "top1_retention": 0.8463541666666666,
    "top10_retention": 0.9765625,
    "n_train": 3456,
    "n_holdout": 384,
    "seed": 0,
    "alpha": null,
    "notes": []
  },
  "floor": {
    "nDCG@10": 0.0,
    "Recall@10": 0.0,
    "Recall@100": 0.0,
    "n_eval": 300,
    "note": "dims differ; floor set to 0 (cross-space raw retrieval impossible)"
  },
  "isotrieve": {
    "nDCG@10": 0.5334586276545868,
    "Recall@10": 0.6981111111111111,
    "Recall@100": 0.906,
    "n_eval": 300
  },
  "ceiling": {
    "nDCG@10": 0.7346323295663102,
    "Recall@10": 0.8592222222222222,
    "Recall@100": 0.9716666666666667,
    "n_eval": 300
  },
  "retention": {
    "nDCG@10": 0.7261572982630833,
    "Recall@10": 0.8124919177550757,
    "Recall@100": 0.9324185248713551
  },
  "calibration_calls": 7680,
  "reembed_calls": 5183,
  "query_legacy": {
    "nDCG@10": 0.5303746106747795,
    "Recall@10": 0.6898888888888889,
    "Recall@100": 0.9233333333333333,
    "n_eval": 300
  },
  "query_legacy_retention": {
    "nDCG@10": 0.7219592567997735,
    "Recall@10": 0.802922539764645,
    "Recall@100": 0.9502572898799314
  },
  "config_hash": "6d4db5cf5edd"
}