{
  "timestamp": "2026-07-19T22:11:01.118557+00:00",
  "commit": "d60526e3283e96c1a0ad169e0ceda6e701976297",
  "dataset": "beir/scifact/test@ir_datasets",
  "source_model": "sentence-transformers/all-MiniLM-L6-v2",
  "target_model": "BAAI/bge-large-en-v1.5",
  "adapter": "mlp",
  "calibration_mode": "in_domain",
  "k_cal": 500,
  "seed": 0,
  "n_docs": 5000,
  "n_queries": 300,
  "d_src": 384,
  "d_tgt": 1024,
  "timings_s": {
    "embed": 0.0,
    "fit": 1.7344685420102905,
    "transform": 0.01758574999985285
  },
  "transform_vectors_per_s": 284321.1122665702,
  "validation": {
    "holdout_cosine_mean": 0.8307753178799631,
    "holdout_cosine_median": 0.839639117821984,
    "holdout_cosine_p5": 0.7674176960343114,
    "top1_retention": 0.92,
    "top10_retention": 1.0,
    "n_train": 450,
    "n_holdout": 50,
    "seed": 0,
    "alpha": null,
    "notes": []
  },
  "floor": {
    "nDCG@10": 0.0,
    "Recall@10": 0.0,
    "Recall@100": 0.0,
    "n_eval": 300,
    "note": "dims differ; floor set to 0 (cross-space raw retrieval impossible)"
  },
  "isotrieve": {
    "nDCG@10": 0.4357690742592546,
    "Recall@10": 0.6100555555555555,
    "Recall@100": 0.8625,
    "n_eval": 300
  },
  "ceiling": {
    "nDCG@10": 0.7252650606597285,
    "Recall@10": 0.8450555555555556,
    "Recall@100": 0.9575,
    "n_eval": 300
  },
  "retention": {
    "nDCG@10": 0.6008411240200411,
    "Recall@10": 0.7219117743738083,
    "Recall@100": 0.9007832898172324
  },
  "calibration_calls": 1000,
  "reembed_calls": 5000,
  "config_hash": "52882821ebbe"
}