{
  "timestamp": "2026-07-19T22:08:11.207532+00:00",
  "commit": "d60526e3283e96c1a0ad169e0ceda6e701976297",
  "dataset": "beir/scifact/test@ir_datasets",
  "source_model": "sentence-transformers/all-MiniLM-L6-v2",
  "target_model": "BAAI/bge-large-en-v1.5",
  "adapter": "ridge",
  "calibration_mode": "in_domain",
  "k_cal": 3840,
  "seed": 2,
  "n_docs": 5000,
  "n_queries": 300,
  "d_src": 384,
  "d_tgt": 1024,
  "timings_s": {
    "embed": 0.0,
    "fit": 0.49416041700169444,
    "transform": 0.0177350000012666
  },
  "transform_vectors_per_s": 281928.39016875724,
  "validation": {
    "holdout_cosine_mean": 0.8805093089750685,
    "holdout_cosine_median": 0.8852279208006426,
    "holdout_cosine_p5": 0.8314068173898692,
    "top1_retention": 0.9817708333333334,
    "top10_retention": 1.0,
    "n_train": 3456,
    "n_holdout": 384,
    "seed": 2,
    "alpha": 0.5623413251903491,
    "notes": []
  },
  "floor": {
    "nDCG@10": 0.0,
    "Recall@10": 0.0,
    "Recall@100": 0.0,
    "n_eval": 300,
    "note": "dims differ; floor set to 0 (cross-space raw retrieval impossible)"
  },
  "aecp": {
    "nDCG@10": 0.6249619964419545,
    "Recall@10": 0.7771666666666666,
    "Recall@100": 0.9291666666666667,
    "n_eval": 300
  },
  "ceiling": {
    "nDCG@10": 0.7252650606597285,
    "Recall@10": 0.8450555555555556,
    "Recall@100": 0.9575,
    "n_eval": 300
  },
  "retention": {
    "nDCG@10": 0.8617015079610556,
    "Recall@10": 0.9196634014857668,
    "Recall@100": 0.9704090513489991
  },
  "calibration_calls": 7680,
  "reembed_calls": 5000,
  "config_hash": "c0f41c076b95"
}