{
  "timestamp": "2026-07-19T22:11:07.519829+00:00",
  "commit": "d60526e3283e96c1a0ad169e0ceda6e701976297",
  "dataset": "beir/scifact/test@ir_datasets",
  "source_model": "sentence-transformers/all-MiniLM-L6-v2",
  "target_model": "BAAI/bge-large-en-v1.5",
  "adapter": "mlp",
  "calibration_mode": "in_domain",
  "k_cal": 1000,
  "seed": 2,
  "n_docs": 5000,
  "n_queries": 300,
  "d_src": 384,
  "d_tgt": 1024,
  "timings_s": {
    "embed": 0.0,
    "fit": 1.2772471249918453,
    "transform": 0.025746792001882568
  },
  "transform_vectors_per_s": 194198.95106288997,
  "validation": {
    "holdout_cosine_mean": 0.8478423145007483,
    "holdout_cosine_median": 0.8507651359814093,
    "holdout_cosine_p5": 0.8054277215659936,
    "top1_retention": 0.95,
    "top10_retention": 1.0,
    "n_train": 900,
    "n_holdout": 100,
    "seed": 2,
    "alpha": null,
    "notes": []
  },
  "floor": {
    "nDCG@10": 0.0,
    "Recall@10": 0.0,
    "Recall@100": 0.0,
    "n_eval": 300,
    "note": "dims differ; floor set to 0 (cross-space raw retrieval impossible)"
  },
  "isotrieve": {
    "nDCG@10": 0.4715749601344309,
    "Recall@10": 0.6383888888888888,
    "Recall@100": 0.8725,
    "n_eval": 300
  },
  "ceiling": {
    "nDCG@10": 0.7252650606597285,
    "Recall@10": 0.8450555555555556,
    "Recall@100": 0.9575,
    "n_eval": 300
  },
  "retention": {
    "nDCG@10": 0.6502105033233898,
    "Recall@10": 0.7554401420024981,
    "Recall@100": 0.9112271540469974
  },
  "calibration_calls": 2000,
  "reembed_calls": 5000,
  "config_hash": "ea2fd6999460"
}