{
  "timestamp": "2026-07-21T23:49:21.026730+00:00",
  "commit": "a6bbe00105a129e99ff412706e824f4b7dd4bc83",
  "dataset": "beir/scifact/test@ir_datasets",
  "source_model": "sentence-transformers/all-MiniLM-L6-v2",
  "target_model": "BAAI/bge-large-en-v1.5",
  "adapter": "ridge",
  "calibration_mode": "in_domain",
  "protocol": "fixed_calibration_per_seed",
  "k_cal": 1000,
  "seed": 1,
  "n_docs": 5183,
  "n_queries": 300,
  "d_src": 384,
  "d_tgt": 1024,
  "timings_s": {
    "embed": 0.0,
    "fit": 0.3415398750003078,
    "transform": 0.02174150000064401
  },
  "transform_vectors_per_s": 238392.01526327408,
  "validation": {
    "holdout_cosine_mean": 0.8666781791402451,
    "holdout_cosine_median": 0.8690138007936303,
    "holdout_cosine_p5": 0.827772997753372,
    "top1_retention": 1.0,
    "top10_retention": 1.0,
    "n_train": 900,
    "n_holdout": 100,
    "seed": 1,
    "alpha": 1.0,
    "notes": []
  },
  "floor": {
    "nDCG@10": 0.0,
    "Recall@10": 0.0,
    "Recall@100": 0.0,
    "n_eval": 300,
    "note": "dims differ; floor set to 0 (cross-space raw retrieval impossible)"
  },
  "aecp": {
    "nDCG@10": 0.5812536645342458,
    "Recall@10": 0.7566666666666667,
    "Recall@100": 0.921,
    "n_eval": 300
  },
  "ceiling": {
    "nDCG@10": 0.7346323295663102,
    "Recall@10": 0.8592222222222222,
    "Recall@100": 0.9716666666666667,
    "n_eval": 300
  },
  "retention": {
    "nDCG@10": 0.7912171043131039,
    "Recall@10": 0.8806414069571965,
    "Recall@100": 0.9478559176672384
  },
  "calibration_calls": 2000,
  "reembed_calls": 5183,
  "query_legacy": {
    "nDCG@10": 0.5353206646454225,
    "Recall@10": 0.7033333333333334,
    "Recall@100": 0.9226666666666667,
    "n_eval": 300
  },
  "query_legacy_retention": {
    "nDCG@10": 0.728691949837613,
    "Recall@10": 0.818569765938187,
    "Recall@100": 0.9495711835334477
  },
  "config_hash": "3d1a713d17c0"
}