{
  "timestamp": "2026-07-19T22:11:02.231982+00:00",
  "commit": "d60526e3283e96c1a0ad169e0ceda6e701976297",
  "dataset": "beir/scifact/test@ir_datasets",
  "source_model": "sentence-transformers/all-MiniLM-L6-v2",
  "target_model": "BAAI/bge-large-en-v1.5",
  "adapter": "mlp",
  "calibration_mode": "in_domain",
  "k_cal": 500,
  "seed": 1,
  "n_docs": 5000,
  "n_queries": 300,
  "d_src": 384,
  "d_tgt": 1024,
  "timings_s": {
    "embed": 0.0,
    "fit": 1.023502041993197,
    "transform": 0.017074709001462907
  },
  "transform_vectors_per_s": 292830.7591989776,
  "validation": {
    "holdout_cosine_mean": 0.8237212880247811,
    "holdout_cosine_median": 0.8375649026082974,
    "holdout_cosine_p5": 0.7347258902420764,
    "top1_retention": 0.92,
    "top10_retention": 1.0,
    "n_train": 450,
    "n_holdout": 50,
    "seed": 1,
    "alpha": null,
    "notes": []
  },
  "floor": {
    "nDCG@10": 0.0,
    "Recall@10": 0.0,
    "Recall@100": 0.0,
    "n_eval": 300,
    "note": "dims differ; floor set to 0 (cross-space raw retrieval impossible)"
  },
  "aecp": {
    "nDCG@10": 0.4443574424286921,
    "Recall@10": 0.6085,
    "Recall@100": 0.8568333333333333,
    "n_eval": 300
  },
  "ceiling": {
    "nDCG@10": 0.7252650606597285,
    "Recall@10": 0.8450555555555556,
    "Recall@100": 0.9575,
    "n_eval": 300
  },
  "retention": {
    "nDCG@10": 0.612682819746601,
    "Recall@10": 0.7200710012490961,
    "Recall@100": 0.8948651000870322
  },
  "calibration_calls": 1000,
  "reembed_calls": 5000,
  "config_hash": "524708e7b68d"
}