{
  "timestamp": "2026-07-19T22:10:56.079415+00:00",
  "commit": "d60526e3283e96c1a0ad169e0ceda6e701976297",
  "dataset": "beir/scifact/test@ir_datasets",
  "source_model": "sentence-transformers/all-MiniLM-L6-v2",
  "target_model": "BAAI/bge-large-en-v1.5",
  "adapter": "lowrank",
  "calibration_mode": "in_domain",
  "k_cal": 1000,
  "seed": 2,
  "n_docs": 5000,
  "n_queries": 300,
  "d_src": 384,
  "d_tgt": 1024,
  "timings_s": {
    "embed": 0.0,
    "fit": 0.19057925000379328,
    "transform": 0.017581457999767736
  },
  "transform_vectors_per_s": 284390.520971927,
  "validation": {
    "holdout_cosine_mean": 0.8656440701144825,
    "holdout_cosine_median": 0.8675705584326995,
    "holdout_cosine_p5": 0.8200783614324522,
    "top1_retention": 0.97,
    "top10_retention": 1.0,
    "n_train": 900,
    "n_holdout": 100,
    "seed": 2,
    "alpha": 1.0,
    "notes": []
  },
  "floor": {
    "nDCG@10": 0.0,
    "Recall@10": 0.0,
    "Recall@100": 0.0,
    "n_eval": 300,
    "note": "dims differ; floor set to 0 (cross-space raw retrieval impossible)"
  },
  "aecp": {
    "nDCG@10": 0.5511539084952559,
    "Recall@10": 0.7218333333333333,
    "Recall@100": 0.9125,
    "n_eval": 300
  },
  "ceiling": {
    "nDCG@10": 0.7252650606597285,
    "Recall@10": 0.8450555555555556,
    "Recall@100": 0.9575,
    "n_eval": 300
  },
  "retention": {
    "nDCG@10": 0.7599344548514518,
    "Recall@10": 0.8541844717638551,
    "Recall@100": 0.9530026109660574
  },
  "calibration_calls": 2000,
  "reembed_calls": 5000,
  "config_hash": "ea793932c84d"
}