{
  "timestamp": "2026-07-19T22:10:52.805033+00:00",
  "commit": "d60526e3283e96c1a0ad169e0ceda6e701976297",
  "dataset": "beir/scifact/test@ir_datasets",
  "source_model": "sentence-transformers/all-MiniLM-L6-v2",
  "target_model": "BAAI/bge-large-en-v1.5",
  "adapter": "ridge",
  "calibration_mode": "in_domain",
  "k_cal": 2000,
  "seed": 2,
  "n_docs": 5000,
  "n_queries": 300,
  "d_src": 384,
  "d_tgt": 1024,
  "timings_s": {
    "embed": 0.0,
    "fit": 0.2860617089900188,
    "transform": 0.017316042009042576
  },
  "transform_vectors_per_s": 288749.5882366744,
  "validation": {
    "holdout_cosine_mean": 0.8746809761648277,
    "holdout_cosine_median": 0.8768050704259989,
    "holdout_cosine_p5": 0.8310102941809353,
    "top1_retention": 0.97,
    "top10_retention": 1.0,
    "n_train": 1800,
    "n_holdout": 200,
    "seed": 2,
    "alpha": 1.0,
    "notes": []
  },
  "floor": {
    "nDCG@10": 0.0,
    "Recall@10": 0.0,
    "Recall@100": 0.0,
    "n_eval": 300,
    "note": "dims differ; floor set to 0 (cross-space raw retrieval impossible)"
  },
  "aecp": {
    "nDCG@10": 0.5890141929478269,
    "Recall@10": 0.751388888888889,
    "Recall@100": 0.9141666666666667,
    "n_eval": 300
  },
  "ceiling": {
    "nDCG@10": 0.7252650606597285,
    "Recall@10": 0.8450555555555556,
    "Recall@100": 0.9575,
    "n_eval": 300
  },
  "retention": {
    "nDCG@10": 0.8121364517574269,
    "Recall@10": 0.8891591611333904,
    "Recall@100": 0.9547432550043516
  },
  "calibration_calls": 4000,
  "reembed_calls": 5000,
  "config_hash": "751b21bec00f"
}