{
  "timestamp": "2026-07-19T22:10:55.234243+00:00",
  "commit": "d60526e3283e96c1a0ad169e0ceda6e701976297",
  "dataset": "beir/scifact/test@ir_datasets",
  "source_model": "sentence-transformers/all-MiniLM-L6-v2",
  "target_model": "BAAI/bge-large-en-v1.5",
  "adapter": "lowrank",
  "calibration_mode": "in_domain",
  "k_cal": 500,
  "seed": 2,
  "n_docs": 5000,
  "n_queries": 300,
  "d_src": 384,
  "d_tgt": 1024,
  "timings_s": {
    "embed": 0.0,
    "fit": 0.11390408298757393,
    "transform": 0.018630791993928142
  },
  "transform_vectors_per_s": 268372.9173526022,
  "validation": {
    "holdout_cosine_mean": 0.8543996031461947,
    "holdout_cosine_median": 0.8578743023785615,
    "holdout_cosine_p5": 0.8052366222615216,
    "top1_retention": 1.0,
    "top10_retention": 1.0,
    "n_train": 450,
    "n_holdout": 50,
    "seed": 2,
    "alpha": 1.0,
    "notes": []
  },
  "floor": {
    "nDCG@10": 0.0,
    "Recall@10": 0.0,
    "Recall@100": 0.0,
    "n_eval": 300,
    "note": "dims differ; floor set to 0 (cross-space raw retrieval impossible)"
  },
  "isotrieve": {
    "nDCG@10": 0.5092879580622199,
    "Recall@10": 0.6783888888888889,
    "Recall@100": 0.8878333333333334,
    "n_eval": 300
  },
  "ceiling": {
    "nDCG@10": 0.7252650606597285,
    "Recall@10": 0.8450555555555556,
    "Recall@100": 0.9575,
    "n_eval": 300
  },
  "retention": {
    "nDCG@10": 0.7022094206481592,
    "Recall@10": 0.8027743080665308,
    "Recall@100": 0.9272410791993038
  },
  "calibration_calls": 1000,
  "reembed_calls": 5000,
  "config_hash": "b85b02bf82bf"
}