{
  "timestamp": "2026-07-19T22:10:55.516901+00:00",
  "commit": "d60526e3283e96c1a0ad169e0ceda6e701976297",
  "dataset": "beir/scifact/test@ir_datasets",
  "source_model": "sentence-transformers/all-MiniLM-L6-v2",
  "target_model": "BAAI/bge-large-en-v1.5",
  "adapter": "lowrank",
  "calibration_mode": "in_domain",
  "k_cal": 1000,
  "seed": 0,
  "n_docs": 5000,
  "n_queries": 300,
  "d_src": 384,
  "d_tgt": 1024,
  "timings_s": {
    "embed": 0.0,
    "fit": 0.19478637499560136,
    "transform": 0.018168499998864718
  },
  "transform_vectors_per_s": 275201.5851783269,
  "validation": {
    "holdout_cosine_mean": 0.8576626356186077,
    "holdout_cosine_median": 0.8619649942610652,
    "holdout_cosine_p5": 0.7984351452777407,
    "top1_retention": 0.99,
    "top10_retention": 1.0,
    "n_train": 900,
    "n_holdout": 100,
    "seed": 0,
    "alpha": 1.0,
    "notes": []
  },
  "floor": {
    "nDCG@10": 0.0,
    "Recall@10": 0.0,
    "Recall@100": 0.0,
    "n_eval": 300,
    "note": "dims differ; floor set to 0 (cross-space raw retrieval impossible)"
  },
  "aecp": {
    "nDCG@10": 0.5593049492053818,
    "Recall@10": 0.7287222222222223,
    "Recall@100": 0.9075,
    "n_eval": 300
  },
  "ceiling": {
    "nDCG@10": 0.7252650606597285,
    "Recall@10": 0.8450555555555556,
    "Recall@100": 0.9575,
    "n_eval": 300
  },
  "retention": {
    "nDCG@10": 0.7711731607429384,
    "Recall@10": 0.8623364670304385,
    "Recall@100": 0.9477806788511749
  },
  "calibration_calls": 2000,
  "reembed_calls": 5000,
  "config_hash": "7671d810e251"
}