{
  "timestamp": "2026-07-19T22:08:40.089004+00:00",
  "commit": "d60526e3283e96c1a0ad169e0ceda6e701976297",
  "dataset": "beir/scifact/test@ir_datasets",
  "source_model": "sentence-transformers/all-MiniLM-L6-v2",
  "target_model": "BAAI/bge-large-en-v1.5",
  "adapter": "mlp",
  "calibration_mode": "in_domain",
  "k_cal": 3840,
  "seed": 0,
  "n_docs": 5000,
  "n_queries": 300,
  "d_src": 384,
  "d_tgt": 1024,
  "timings_s": {
    "embed": 0.0,
    "fit": 2.617380083000171,
    "transform": 0.01623062499857042
  },
  "transform_vectors_per_s": 308059.60956157855,
  "validation": {
    "holdout_cosine_mean": 0.8561010423366652,
    "holdout_cosine_median": 0.8605856709603377,
    "holdout_cosine_p5": 0.8062840694197572,
    "top1_retention": 0.8854166666666666,
    "top10_retention": 0.9895833333333334,
    "n_train": 3456,
    "n_holdout": 384,
    "seed": 0,
    "alpha": null,
    "notes": []
  },
  "floor": {
    "nDCG@10": 0.0,
    "Recall@10": 0.0,
    "Recall@100": 0.0,
    "n_eval": 300,
    "note": "dims differ; floor set to 0 (cross-space raw retrieval impossible)"
  },
  "aecp": {
    "nDCG@10": 0.5211582061322739,
    "Recall@10": 0.6863888888888888,
    "Recall@100": 0.8801666666666667,
    "n_eval": 300
  },
  "ceiling": {
    "nDCG@10": 0.7252650606597285,
    "Recall@10": 0.8450555555555556,
    "Recall@100": 0.9575,
    "n_eval": 300
  },
  "retention": {
    "nDCG@10": 0.7185761929000257,
    "Recall@10": 0.8122411412793372,
    "Recall@100": 0.9192341166231506
  },
  "calibration_calls": 7680,
  "reembed_calls": 5000,
  "config_hash": "6d4db5cf5edd"
}