{
  "timestamp": "2026-07-19T22:21:22.256230+00:00",
  "commit": "d60526e3283e96c1a0ad169e0ceda6e701976297",
  "dataset": "beir/scifact/test@ir_datasets",
  "source_model": "sentence-transformers/all-MiniLM-L6-v2",
  "target_model": "BAAI/bge-large-en-v1.5",
  "adapter": "mlp",
  "calibration_mode": "in_domain",
  "protocol": "fixed_calibration_per_seed",
  "k_cal": 4000,
  "seed": 0,
  "n_docs": 5000,
  "n_queries": 300,
  "d_src": 384,
  "d_tgt": 1024,
  "timings_s": {
    "embed": 0.0,
    "fit": 3.411330208007712,
    "transform": 0.015460959009942599
  },
  "transform_vectors_per_s": 323395.20444912964,
  "validation": {
    "holdout_cosine_mean": 0.8535947600848073,
    "holdout_cosine_median": 0.8562487460403355,
    "holdout_cosine_p5": 0.8061045297607036,
    "top1_retention": 0.8625,
    "top10_retention": 0.985,
    "n_train": 3600,
    "n_holdout": 400,
    "seed": 0,
    "alpha": null,
    "notes": []
  },
  "floor": {
    "nDCG@10": 0.0,
    "Recall@10": 0.0,
    "Recall@100": 0.0,
    "n_eval": 300,
    "note": "dims differ; floor set to 0 (cross-space raw retrieval impossible)"
  },
  "aecp": {
    "nDCG@10": 0.5339368460902357,
    "Recall@10": 0.6779444444444445,
    "Recall@100": 0.8741666666666666,
    "n_eval": 300
  },
  "ceiling": {
    "nDCG@10": 0.7252650606597285,
    "Recall@10": 0.8450555555555556,
    "Recall@100": 0.9575,
    "n_eval": 300
  },
  "retention": {
    "nDCG@10": 0.7361954615662122,
    "Recall@10": 0.8022483728880415,
    "Recall@100": 0.9129677980852915
  },
  "calibration_calls": 8000,
  "reembed_calls": 5000,
  "config_hash": "f12e0b12aba5"
}