{
  "timestamp": "2026-07-21T23:49:43.953974+00:00",
  "commit": "a6bbe00105a129e99ff412706e824f4b7dd4bc83",
  "dataset": "beir/scifact/test@ir_datasets",
  "source_model": "sentence-transformers/all-MiniLM-L6-v2",
  "target_model": "BAAI/bge-large-en-v1.5",
  "adapter": "lowrank",
  "calibration_mode": "in_domain",
  "protocol": "fixed_calibration_per_seed",
  "k_cal": 3840,
  "seed": 1,
  "n_docs": 5183,
  "n_queries": 300,
  "d_src": 384,
  "d_tgt": 1024,
  "timings_s": {
    "embed": 0.0,
    "fit": 1.3322541660018032,
    "transform": 0.018088666001858655
  },
  "transform_vectors_per_s": 286533.01462183194,
  "validation": {
    "holdout_cosine_mean": 0.8772235280719926,
    "holdout_cosine_median": 0.8823302296354487,
    "holdout_cosine_p5": 0.8293771652203151,
    "top1_retention": 0.984375,
    "top10_retention": 1.0,
    "n_train": 3456,
    "n_holdout": 384,
    "seed": 1,
    "alpha": 0.5623413251903491,
    "notes": []
  },
  "floor": {
    "nDCG@10": 0.0,
    "Recall@10": 0.0,
    "Recall@100": 0.0,
    "n_eval": 300,
    "note": "dims differ; floor set to 0 (cross-space raw retrieval impossible)"
  },
  "aecp": {
    "nDCG@10": 0.6294021199445552,
    "Recall@10": 0.7773333333333333,
    "Recall@100": 0.9433333333333334,
    "n_eval": 300
  },
  "ceiling": {
    "nDCG@10": 0.7346323295663102,
    "Recall@10": 0.8592222222222222,
    "Recall@100": 0.9716666666666667,
    "n_eval": 300
  },
  "retention": {
    "nDCG@10": 0.8567579925540745,
    "Recall@10": 0.9046941678520626,
    "Recall@100": 0.9708404802744426
  },
  "calibration_calls": 7680,
  "reembed_calls": 5183,
  "query_legacy": {
    "nDCG@10": 0.6157172711251123,
    "Recall@10": 0.7615555555555557,
    "Recall@100": 0.9410000000000001,
    "n_eval": 300
  },
  "query_legacy_retention": {
    "nDCG@10": 0.8381298322231485,
    "Recall@10": 0.8863313073839391,
    "Recall@100": 0.9684391080617496
  },
  "config_hash": "8dfc8ff35b00"
}