{
  "timestamp": "2026-07-19T22:08:42.892179+00:00",
  "commit": "d60526e3283e96c1a0ad169e0ceda6e701976297",
  "dataset": "beir/scifact/test@ir_datasets",
  "source_model": "sentence-transformers/all-MiniLM-L6-v2",
  "target_model": "BAAI/bge-large-en-v1.5",
  "adapter": "mlp",
  "calibration_mode": "in_domain",
  "k_cal": 3840,
  "seed": 1,
  "n_docs": 5000,
  "n_queries": 300,
  "d_src": 384,
  "d_tgt": 1024,
  "timings_s": {
    "embed": 0.0,
    "fit": 2.706058709009085,
    "transform": 0.018029207989457063
  },
  "transform_vectors_per_s": 277327.76741628634,
  "validation": {
    "holdout_cosine_mean": 0.856378144014934,
    "holdout_cosine_median": 0.8591134530920237,
    "holdout_cosine_p5": 0.8077358188903577,
    "top1_retention": 0.8932291666666666,
    "top10_retention": 0.9947916666666666,
    "n_train": 3456,
    "n_holdout": 384,
    "seed": 1,
    "alpha": null,
    "notes": []
  },
  "floor": {
    "nDCG@10": 0.0,
    "Recall@10": 0.0,
    "Recall@100": 0.0,
    "n_eval": 300,
    "note": "dims differ; floor set to 0 (cross-space raw retrieval impossible)"
  },
  "aecp": {
    "nDCG@10": 0.5349339644600835,
    "Recall@10": 0.6896111111111111,
    "Recall@100": 0.8878333333333334,
    "n_eval": 300
  },
  "ceiling": {
    "nDCG@10": 0.7252650606597285,
    "Recall@10": 0.8450555555555556,
    "Recall@100": 0.9575,
    "n_eval": 300
  },
  "retention": {
    "nDCG@10": 0.7375702946085495,
    "Recall@10": 0.8160541713233843,
    "Recall@100": 0.9272410791993038
  },
  "calibration_calls": 7680,
  "reembed_calls": 5000,
  "config_hash": "94762f7613ab"
}