{
  "timestamp": "2026-07-19T22:21:15.655084+00:00",
  "commit": "d60526e3283e96c1a0ad169e0ceda6e701976297",
  "dataset": "beir/scifact/test@ir_datasets",
  "source_model": "sentence-transformers/all-MiniLM-L6-v2",
  "target_model": "BAAI/bge-large-en-v1.5",
  "adapter": "ridge",
  "calibration_mode": "in_domain",
  "protocol": "fixed_calibration_per_seed",
  "k_cal": 4000,
  "seed": 0,
  "n_docs": 5000,
  "n_queries": 300,
  "d_src": 384,
  "d_tgt": 1024,
  "timings_s": {
    "embed": 0.0,
    "fit": 0.5120756669930415,
    "transform": 0.017108540996559896
  },
  "transform_vectors_per_s": 292251.68884976086,
  "validation": {
    "holdout_cosine_mean": 0.8795717698755235,
    "holdout_cosine_median": 0.881554845202293,
    "holdout_cosine_p5": 0.8359196496627863,
    "top1_retention": 0.9925,
    "top10_retention": 1.0,
    "n_train": 3600,
    "n_holdout": 400,
    "seed": 0,
    "alpha": 0.5623413251903491,
    "notes": []
  },
  "floor": {
    "nDCG@10": 0.0,
    "Recall@10": 0.0,
    "Recall@100": 0.0,
    "n_eval": 300,
    "note": "dims differ; floor set to 0 (cross-space raw retrieval impossible)"
  },
  "aecp": {
    "nDCG@10": 0.6338373275944834,
    "Recall@10": 0.7755,
    "Recall@100": 0.9308333333333333,
    "n_eval": 300
  },
  "ceiling": {
    "nDCG@10": 0.7252650606597285,
    "Recall@10": 0.8450555555555556,
    "Recall@100": 0.9575,
    "n_eval": 300
  },
  "retention": {
    "nDCG@10": 0.8739388700427966,
    "Recall@10": 0.9176911445664322,
    "Recall@100": 0.9721496953872932
  },
  "calibration_calls": 8000,
  "reembed_calls": 5000,
  "config_hash": "dab73ea9e058"
}