{
  "timestamp": "2026-07-19T22:10:51.472875+00:00",
  "commit": "d60526e3283e96c1a0ad169e0ceda6e701976297",
  "dataset": "beir/scifact/test@ir_datasets",
  "source_model": "sentence-transformers/all-MiniLM-L6-v2",
  "target_model": "BAAI/bge-large-en-v1.5",
  "adapter": "ridge",
  "calibration_mode": "in_domain",
  "k_cal": 1000,
  "seed": 1,
  "n_docs": 5000,
  "n_queries": 300,
  "d_src": 384,
  "d_tgt": 1024,
  "timings_s": {
    "embed": 0.0,
    "fit": 0.15157175000058487,
    "transform": 0.018236166011774912
  },
  "transform_vectors_per_s": 274180.4388472637,
  "validation": {
    "holdout_cosine_mean": 0.8584693741079964,
    "holdout_cosine_median": 0.86358770491732,
    "holdout_cosine_p5": 0.8082273736080734,
    "top1_retention": 0.95,
    "top10_retention": 1.0,
    "n_train": 900,
    "n_holdout": 100,
    "seed": 1,
    "alpha": 1.0,
    "notes": []
  },
  "floor": {
    "nDCG@10": 0.0,
    "Recall@10": 0.0,
    "Recall@100": 0.0,
    "n_eval": 300,
    "note": "dims differ; floor set to 0 (cross-space raw retrieval impossible)"
  },
  "aecp": {
    "nDCG@10": 0.5632601168365186,
    "Recall@10": 0.7377222222222222,
    "Recall@100": 0.9085000000000001,
    "n_eval": 300
  },
  "ceiling": {
    "nDCG@10": 0.7252650606597285,
    "Recall@10": 0.8450555555555556,
    "Recall@100": 0.9575,
    "n_eval": 300
  },
  "retention": {
    "nDCG@10": 0.7766265706004862,
    "Recall@10": 0.8729866543948458,
    "Recall@100": 0.9488250652741516
  },
  "calibration_calls": 2000,
  "reembed_calls": 5000,
  "config_hash": "3d1a713d17c0"
}