{
  "timestamp": "2026-07-19T20:09:06.447505+00:00",
  "commit": "d60526e3283e96c1a0ad169e0ceda6e701976297",
  "dataset": "beir/scifact/test@ir_datasets",
  "source_model": "sentence-transformers/all-MiniLM-L6-v2",
  "target_model": "BAAI/bge-large-en-v1.5",
  "calibration_mode": "in_domain",
  "k_cal": 4000,
  "seed": 0,
  "n_docs": 5183,
  "n_queries": 300,
  "d_src": 384,
  "d_tgt": 1024,
  "timings_s": {
    "embed": 663.8829463330039,
    "fit": 2.5129569999990053,
    "transform": 0.023266042000614107
  },
  "transform_vectors_per_s": 222771.0239611531,
  "validation": {
    "holdout_cosine_mean": 0.8796556548437582,
    "holdout_cosine_median": 0.8836961139082764,
    "holdout_cosine_p5": 0.8265665255194383,
    "top1_retention": 0.9875,
    "top10_retention": 1.0,
    "n_train": 3600,
    "n_holdout": 400,
    "seed": 0,
    "alpha": 0.5623413251903491,
    "notes": []
  },
  "floor": {
    "nDCG@10": 0.0,
    "Recall@10": 0.0,
    "Recall@100": 0.0,
    "n_eval": 300,
    "note": "dims differ; floor set to 0 (cross-space raw retrieval impossible)"
  },
  "aecp": {
    "nDCG@10": 0.6405859822846985,
    "Recall@10": 0.7962222222222223,
    "Recall@100": 0.9533333333333334,
    "n_eval": 300
  },
  "ceiling": {
    "nDCG@10": 0.7346323295663102,
    "Recall@10": 0.8592222222222222,
    "Recall@100": 0.9716666666666667,
    "n_eval": 300
  },
  "retention": {
    "nDCG@10": 0.871981747199811,
    "Recall@10": 0.9266778740462952,
    "Recall@100": 0.9811320754716981
  },
  "calibration_calls": 8000,
  "reembed_calls": 5183,
  "config_hash": "c63a37cdb1b2"
}