{
  "timestamp": "2026-07-19T20:09:08.155945+00:00",
  "commit": "d60526e3283e96c1a0ad169e0ceda6e701976297",
  "dataset": "beir/scifact/test@ir_datasets",
  "source_model": "sentence-transformers/all-MiniLM-L6-v2",
  "target_model": "BAAI/bge-large-en-v1.5",
  "calibration_mode": "in_domain",
  "k_cal": 4000,
  "seed": 2,
  "n_docs": 5183,
  "n_queries": 300,
  "d_src": 384,
  "d_tgt": 1024,
  "timings_s": {
    "embed": 663.8829463330039,
    "fit": 0.6917029999895021,
    "transform": 0.02504370799579192
  },
  "transform_vectors_per_s": 206958.1709254435,
  "validation": {
    "holdout_cosine_mean": 0.8779607374399415,
    "holdout_cosine_median": 0.8808051956808018,
    "holdout_cosine_p5": 0.8248082380221,
    "top1_retention": 0.9875,
    "top10_retention": 1.0,
    "n_train": 3600,
    "n_holdout": 400,
    "seed": 2,
    "alpha": 0.5623413251903491,
    "notes": []
  },
  "floor": {
    "nDCG@10": 0.0,
    "Recall@10": 0.0,
    "Recall@100": 0.0,
    "n_eval": 300,
    "note": "dims differ; floor set to 0 (cross-space raw retrieval impossible)"
  },
  "isotrieve": {
    "nDCG@10": 0.6455753477816544,
    "Recall@10": 0.7902222222222222,
    "Recall@100": 0.9460000000000001,
    "n_eval": 300
  },
  "ceiling": {
    "nDCG@10": 0.7346323295663102,
    "Recall@10": 0.8592222222222222,
    "Recall@100": 0.9716666666666667,
    "n_eval": 300
  },
  "retention": {
    "nDCG@10": 0.8787733969763751,
    "Recall@10": 0.9196948144316565,
    "Recall@100": 0.9735849056603774
  },
  "calibration_calls": 8000,
  "reembed_calls": 5183,
  "config_hash": "4c8da6242619"
}